{
    "checkpoint": "epoch=37-roc_auc=0.8806-pr_auc=0.3905",
    "TEST": [
        {
            "val_loss": 0.15560948848724365,
            "roc_auc": 0.8677473068237305,
            "pr_auc": 0.3685624301433563
        }
    ]
}